{"cameraMode":{"drawMode":0,"name":"Shaded","section":"Shading Mode"},"sceneLighting":true,"audioPlay":false,"sceneViewState":{"m_AlwaysRefresh":false,"showFog":true,"showSkybox":true,"showFlares":true,"showImageEffects":true,"showParticleSystems":true,"showVisualEffectGraphs":true,"m_FxEnabled":true},"in2DMode":false,"pivot":{"x":15.074150085449219,"y":1.3839600086212159,"z":-3.31261944770813},"rotation":{"x":0.18123415112495423,"y":0.08896750956773758,"z":-0.01646515540778637,"w":0.9792705178260803},"size":1.3136138916015626,"orthographic":true}