{"cameraMode":{"drawMode":0,"name":"Shaded","section":"Shading Mode"},"sceneLighting":true,"audioPlay":false,"sceneViewState":{"m_AlwaysRefresh":false,"showFog":true,"showSkybox":true,"showFlares":true,"showImageEffects":true,"showParticleSystems":true,"showVisualEffectGraphs":true,"m_FxEnabled":true},"in2DMode":false,"pivot":{"x":3.1352243423461916,"y":3.0184876918792726,"z":0.6574128866195679},"rotation":{"x":-0.13457784056663514,"y":0.013670697808265686,"z":-0.0018571753753349186,"w":-0.9908096790313721},"size":6.806262016296387,"orthographic":true}