{"cameraMode":{"drawMode":0,"name":"Shaded","section":"Shading Mode"},"sceneLighting":true,"audioPlay":false,"sceneViewState":{"m_AlwaysRefresh":false,"showFog":true,"showSkybox":true,"showFlares":true,"showImageEffects":true,"showParticleSystems":true,"showVisualEffectGraphs":true,"m_FxEnabled":true},"in2DMode":false,"pivot":{"x":13.406922340393067,"y":1.176712989807129,"z":-0.11152505874633789},"rotation":{"x":-0.13457784056663514,"y":0.013670697808265686,"z":-0.0018571753753349186,"w":-0.9908096790313721},"size":2.653231620788574,"orthographic":true}