{"cameraMode":{"drawMode":0,"name":"Shaded","section":"Shading Mode"},"sceneLighting":true,"audioPlay":false,"sceneViewState":{"m_AlwaysRefresh":false,"showFog":true,"showSkybox":true,"showFlares":true,"showImageEffects":true,"showParticleSystems":true,"showVisualEffectGraphs":true,"m_FxEnabled":true},"in2DMode":false,"pivot":{"x":12.285745620727539,"y":1.7551672458648682,"z":-3.2557926177978517},"rotation":{"x":0.03419310599565506,"y":-0.1315387338399887,"z":0.004539891146123409,"w":0.9907110929489136},"size":9.260976791381836,"orthographic":true}